Kategori,Url Berita,Tanggal,Ringkasan Fenomena,Tren Harga,Alasan
Beras,https://www.detik.com/jatim/bisnis/d-8021172/harga-sembako-jawa-timur-21-juli-2025-cabe-rawit-merah-turun-harga,21 Juli,"Berdasarkan artikel Detik.com, harga beras di Jawa Timur pada 21 Juli 2025 terpantau turun. Harga beras premium berada di angka Rp 14.922/kg dan beras medium Rp 12.895/kg. Artikel tersebut tidak menjelaskan alasan spesifik kestabilan ini, namun secara umum fenomena ini terjadi karena pasokan yang cukup untuk memenuhi permintaan pasar serta distribusi yang berjalan lancar tanpa hambatan berarti.",Turun,"Penurunan ini disebabkan oleh beberapa sentra atau daerah penghasil cabai di Jawa Timur yang sedang memasuki musim panen raya. Akibatnya, jumlah cabai yang tersedia di pasar meningkat drastis, sehingga sesuai hukum penawaran dan permintaan, harganya menjadi turun."
Minyak Goreng,https://siskaperbapo.jatimprov.go.id/harga/tabel,31 Juli,"Tren harga minyak goreng di Kabupaten Sidoarjo selama bulan Juni-Juli 2025 menunjukkan stabilitas yang signifikan, dengan harga rata-rata di kisaran Rp17.000 per liter. Meskipun terjadi sedikit fluktuasi, harga tersebut tetap terjaga dan tidak mengalami lonjakan drastis.",Stabil,"Stabilitas ini didukung oleh berbagai upaya pemerintah daerah dalam memantau harga dan ketersediaan pasokan, serta didorong oleh kelancaran produksi dari pabrik-pabrik lokal."
Bandeng,https://jatimtimes.com/baca/343070/20250805/114500/harga-sembako-jatim-5-agustus-2025-bawang-putih-dan-cabai-keriting-naik,5 Agustus,"Laporan harga sembako terbaru di Jawa Timur menunjukkan bahwa harga ikan bandeng berada di angka Rp 32.745 per kg dan untuk harga di wilayah Sidoarjo berada di angka Rp. 39.000 per kg. Laporan ini menyoroti kenaikan pada komoditas lain seperti bawang dan cabai, yang secara tidak langsung mengindikasikan bahwa harga bandeng tidak mengalami gejolak signifikan dan cenderung stabil.",Stabil,"Berdasarkan artikel dari Jatim Times, kenaikan harga beberapa komoditas seperti bawang putih dan cabai keriting di Jawa Timur disebabkan oleh berkurangnya pasokan dari tingkat petani serta tingginya permintaan di pasar. Sementara itu, untuk komoditas lain seperti ikan bandeng dan beberapa jenis kebutuhan pokok lainnya, harganya dilaporkan cenderung stabil karena pasokan dari daerah produsen masih lancar dan mampu memenuhi kebutuhan konsumen tanpa adanya gangguan distribusi yang berarti."
Udang Basah,https://siskaperbapo.jatimprov.go.id/harga/tabel,31 Juli,"Berdasarkan data harga bahan pokok di Kabupaten Sidoarjo selama bulan Juni-Juli 2025, harga udang basah menunjukkan tren stabil di kisaran Rp76.000 per kilogram.",Stabil,Kondisi ini mengindikasikan bahwa pasokan udang di pasar Sidoarjo cukup aman dan seimbang dengan permintaan konsumen.
Bawang Merah,"https://siskaperbapo.jatimprov.go.id/harga/tabel, https://www.suarasurabaya.net/ekonomibisnis/2025/harga-pangan-30-juni-bawang-merah-capai-rp42-409-per-kg-cabai-rawit-rp58-879-per-kg/, https://www.detik.com/jatim/bisnis/d-8030074/harga-bawang-merah-di-jatim-naik-lagi-rp-46-ribu-kg, https://www.panennews.com/bisnis/1681447270/harga-pangan-di-jawa-timur-senin-28-juli-2025-bawang-merah-rp48356kg-bawang-putih-rp30892kg",31 Juli; 30 Juli; 28 Juli; 26 Juli,"Selama periode 30 Juni hingga 31 Juli 2025, harga bawang merah di tingkat nasional dan regional Jawa Timur cenderung stabil dengan fluktuasi moderat. Pada 30 Juni 2025, harga nasional tercatat Rp 42.409 per kilogram, kemudian sedikit turun menjadi Rp 40.831 per kilogram pada 30 Juli 2025. Di Jawa Timur, termasuk wilayah sekitar Sidoarjo, sempat terjadi kenaikan harga menjadi sekitar Rp 53.500 per kilogram pada 26 Juli 2025, namun kenaikan ini masih dalam batas wajar dan tidak menunjukkan lonjakan ekstrem. Dengan kisaran harga antara Rp 40.800 hingga Rp 46.000 per kilogram, tren harga bawang merah selama periode tersebut dapat dikategorikan stabil, mengikuti pola distribusi dan suplai yang relatif terjaga di wilayah ini.",Naik,"Alasan tren harga bawang merah di Sidoarjo selama 30 Juni hingga 31 Juli 2025 dapat dikategorikan stabil adalah karena perubahan harga yang terjadi di tingkat nasional maupun regional Jawa Timur relatif kecil dan masih dalam batas wajar, yakni dari Rp 42.409/kg pada 30 Juni, sedikit turun menjadi Rp 40.831/kg pada akhir Juli, dengan kenaikan moderat di Jawa Timur sekitar Rp 46.000â€“48.356/kg di pertengahan hingga akhir bulan. Fluktuasi ini mencerminkan dinamika pasokan dan permintaan yang terjaga, tanpa adanya gangguan besar pada distribusi atau lonjakan biaya produksi yang signifikan, sehingga harga di wilayah Sidoarjo yang mengikuti pola Jawa Timur juga cenderung stabil sepanjang periode tersebut."
Emas/Perhiasan,https://pusatdata.kontan.co.id/news/grafik-harga-emas-antam-hari-ini-naik-atau-turun-12-juli-2025,12 Juli,Harga emas batangan bersertifikat di Logam Mulia milik PT Aneka Tambang (ANTM) mengalami kenaikan sebesar Rp 13.000 per gram pada 12 Juli 2025. Harga beli kembali (buyback) juga naik dengan jumlah yang sama.,Naik,Artikel tersebut tidak memberikan alasan spesifik di balik kenaikan harga emas pada tanggal 12 Juli 2025.
Bensin,https://www.detik.com/jatim/bisnis/d-7990214/harga-bbm-pertamina-naik-juli-2025-di-jawa-timur,1 Juli,"Pertamina melakukan penyesuaian harga BBM nonsubsidi di seluruh SPBU di Jawa Timur yang berlaku mulai 1 Juli 2025. Kenaikan ini berlaku untuk Pertamax, Pertamax Green, Pertamax Turbo, Dex, dan Dexlite, sedangkan harga Pertalite dan Biosolar tidak berubah.",Naik,"Kenaikan harga ini didasarkan pada Keputusan Menteri Energi dan Sumber Daya Mineral (ESDM) Nomor 245.K/MG.01/MEM.M/2022, yang mengatur formula harga dasar untuk BBM nonsubsidi."
LPG,https://www.cnbcindonesia.com/news/20250701110126-4-645183/harga-lpg-3-kg-55-kg-12-kg-di-pangkalan-pengecer-berlaku-1-juli,1 Juli,"Tidak ada kenaikan harga untuk LPG 3 kg, 5.5 kg, dan 12 kg per 1 Juli 2025. Perhatian utama artikel adalah kenaikan harga BBM non-subsidi, sementara harga LPG subsidi dan non-subsidi terpantau stabil.",Stabil,Tidak ada alasan kenaikan harga yang disebutkan dalam artikel karena faktanya tidak ada kenaikan harga LPG per 1 Juli 2025.
Pupuk non subsidi,https://ekonomi.bisnis.com/read/20250728/12/1896905/harga-pupuk-dunia-melonjak-wamentan-beri-kabar-ini-ke-petani,28 Juli,"Meskipun terjadi lonjakan harga pupuk global pada tahun 2025, pemerintah Indonesia telah mengambil langkah-langkah proaktif untuk memastikan stabilitas harga pupuk di tingkat petani domestik. Wakil Menteri Pertanian (Wamentan) menjamin bahwa dampak kenaikan harga global dapat dikendalikan, terutama melalui program subsidi.",Stabil,"Pemerintah fokus pada penguatan produksi dalam negeri, perbaikan distribusi, dan diversifikasi sumber bahan baku untuk meminimalkan ketergantungan dan menjaga pasokan tetap stabil."
Semen,"https://arsiteqi.or.id/harga/semen-sidoarjo/, https://mitracahaya.com/blog/update-harga-semen-terbaru-2025-berbagai-daerah-berbagai-merk-ini-detailnya",5 Agustus; 24 Juli,"Pada bulan Juli 2025, harga semen di Sidoarjo menunjukkan kondisi yang relatif stabil. Tidak terjadi kenaikan harga yang signifikan dibandingkan dengan tahun sebelumnya. Hal ini merupakan kabar baik bagi industri konstruksi dan masyarakat yang sedang membangun, karena anggaran pembangunan dapat lebih terkendali.",Stabil,"Beberapa faktor yang diduga menjadi alasan di balik kestabilan harga semen di Sidoarjo pada tahun 2025 adalah karena penurunan aktivitas pembangunan infrastruktur, dan permintaan semen yang tidak melonjak tajam seiring dengan penurunan proyek-proyek infrastruktur besar. Selain itu, kemudahan pengiriman lokasi sidoarjo yang strategis dan infrastruktur logistik yang memadai memudahkan pengiriman semen, sehingga biaya distribusi dapat ditekan."
